-- ============================================
-- 宠物管理系统 - 扩展数据库数据插入脚本
-- 为所有表添加更多真实数据
-- ============================================

-- 1. 扩展社区数据 (原有5个，新增5个)
INSERT INTO community (id, name) VALUES 
(6, '万科金色家园'),
(7, '保利时代社区'),
(8, '中海国际社区'),
(9, '龙湖香醍社区'),
(10, '碧桂园小区')
ON DUPLICATE KEY UPDATE name = VALUES(name);

-- 2. 扩展用户数据 (新增15个用户)
INSERT INTO users (id, tel, pwd, user_type, user_name, community_id) VALUES 
(16, '13800138015', '$2b$10$N9qo8uLOickgx2ZMRZoMy.MqrqQzBZN0UfGNEKjN3G8R4G.t4wK9y', 'user', '小明', 4),
(17, '13800138016', '$2b$10$N9qo8uLOickgx2ZMRZoMy.MqrqQzBZN0UfGNEKjN3G8R4G.t4wK9y', 'user', '小红', 4),
(18, '13800138017', '$2b$10$N9qo8uLOickgx2ZMRZoMy.MqrqQzBZN0UfGNEKjN3G8R4G.t4wK9y', 'user', '小刚', 5),
(19, '13800138018', '$2b$10$N9qo8uLOickgx2ZMRZoMy.MqrqQzBZN0UfGNEKjN3G8R4G.t4wK9y', 'user', '小丽', 5),
(20, '13800138019', '$2b$10$N9qo8uLOickgx2ZMRZoMy.MqrqQzBZN0UfGNEKjN3G8R4G.t4wK9y', 'user', '小华', 6),
(21, '13800138020', '$2b$10$N9qo8uLOickgx2ZMRZoMy.MqrqQzBZN0UfGNEKjN3G8R4G.t4wK9y', 'user', '小芳', 6),
(22, '13800138021', '$2b$10$N9qo8uLOickgx2ZMRZoMy.MqrqQzBZN0UfGNEKjN3G8R4G.t4wK9y', 'user', '小军', 7),
(23, '13800138022', '$2b$10$N9qo8uLOickgx2ZMRZoMy.MqrqQzBZN0UfGNEKjN3G8R4G.t4wK9y', 'user', '小燕', 7),
(24, '13800138023', '$2b$10$N9qo8uLOickgx2ZMRZoMy.MqrqQzBZN0UfGNEKjN3G8R4G.t4wK9y', 'user', '小伟', 8),
(25, '13800138024', '$2b$10$N9qo8uLOickgx2ZMRZoMy.MqrqQzBZN0UfGNEKjN3G8R4G.t4wK9y', 'user', '小敏', 8),
(26, '13800138025', '$2b$10$N9qo8uLOickgx2ZMRZoMy.MqrqQzBZN0UfGNEKjN3G8R4G.t4wK9y', 'user', '小波', 9),
(27, '13800138026', '$2b$10$N9qo8uLOickgx2ZMRZoMy.MqrqQzBZN0UfGNEKjN3G8R4G.t4wK9y', 'user', '小静', 9),
(28, '13800138027', '$2b$10$N9qo8uLOickgx2ZMRZoMy.MqrqQzBZN0UfGNEKjN3G8R4G.t4wK9y', 'user', '小超', 10),
(29, '13800138028', '$2b$10$N9qo8uLOickgx2ZMRZoMy.MqrqQzBZN0UfGNEKjN3G8R4G.t4wK9y', 'user', '小霞', 10),
(30, '13800138029', '$2b$10$N9qo8uLOickgx2ZMRZoMy.MqrqQzBZN0UfGNEKjN3G8R4G.t4wK9y', 'admin', '社区管理员2', NULL)
ON DUPLICATE KEY UPDATE 
  user_name = VALUES(user_name),
  community_id = VALUES(community_id);

-- 3. 扩展宠物数据 (新增20只宠物)
INSERT INTO pets (id, user_id, pet_name, pet_breed, pet_age, pet_vaccine, pet_cert_id, pet_register_time, pet_avatar, create_time) VALUES 
(16, 16, '豆豆', '比熊犬', 2, '已接种', 'PET2024016', '2024-02-01', '', '2024-02-01 10:00:00'),
(17, 16, '球球', '加菲猫', 3, '已接种', 'PET2024017', '2024-01-20', '', '2024-01-20 15:30:00'),
(18, 17, '皮皮', '法斗', 1, '已接种', 'PET2024018', '2024-03-10', '', '2024-03-10 09:00:00'),
(19, 18, '糖糖', '银渐层', 2, '已接种', 'PET2024019', '2024-02-15', '', '2024-02-15 14:00:00'),
(20, 19, '贝贝', '金毛犬', 4, '已接种', 'PET2024020', '2024-01-05', '', '2024-01-05 11:00:00'),
(21, 20, '乐乐', '蓝猫', 1, '已接种', 'PET2024021', '2024-03-20', '', '2024-03-20 16:00:00'),
(22, 21, '悠悠', '柯基', 2, '已接种', 'PET2024022', '2024-02-25', '', '2024-02-25 10:30:00'),
(23, 22, '嘟嘟', '布偶猫', 3, '已接种', 'PET2024023', '2024-01-15', '', '2024-01-15 13:00:00'),
(24, 23, '多多', '柴犬', 2, '已接种', 'PET2024024', '2024-02-10', '', '2024-02-10 11:30:00'),
(25, 24, '乖乖', '英短蓝白', 1, '已接种', 'PET2024025', '2024-03-25', '', '2024-03-25 09:30:00'),
(26, 25, '笨笨', '哈士奇', 3, '已接种', 'PET2024026', '2024-01-25', '', '2024-01-25 14:30:00'),
(27, 26, '跳跳', '美短', 2, '已接种', 'PET2024027', '2024-02-20', '', '2024-02-20 10:00:00'),
(28, 27, '闹闹', '泰迪', 1, '已接种', 'PET2024028', '2024-03-15', '', '2024-03-15 15:00:00'),
(29, 28, '懒懒', '橘猫', 4, '已接种', 'PET2024029', '2024-01-10', '', '2024-01-10 12:00:00'),
(30, 29, '帅帅', '边牧', 2, '已接种', 'PET2024030', '2024-02-05', '', '2024-02-05 11:00:00'),
(31, 1, '小白2号', '萨摩耶', 1, '已接种', 'PET2024031', '2024-03-28', '', '2024-03-28 10:00:00'),
(32, 2, '咪咪2号', '暹罗猫', 2, '已接种', 'PET2024032', '2024-02-28', '', '2024-02-28 14:00:00'),
(33, 3, '旺财2号', '金毛', 1, '已接种', 'PET2024033', '2024-03-22', '', '2024-03-22 09:00:00'),
(34, 4, '花花2号', '布偶', 1, '已接种', 'PET2024034', '2024-03-30', '', '2024-03-30 16:00:00'),
(35, 5, '大黄2号', '拉布拉多', 2, '已接种', 'PET2024035', '2024-02-18', '', '2024-02-18 13:30:00')
ON DUPLICATE KEY UPDATE 
  pet_name = VALUES(pet_name),
  pet_breed = VALUES(pet_breed);

-- 4. 扩展公告数据 (新增10条公告)
INSERT INTO announcements (id, title, content, is_top, publish_time, created_at) VALUES 
(6, '宠物免费体检活动', '本周六上午9点至下午5点，社区将联合宠物医院开展免费体检活动，欢迎携带爱宠参加。', 1, '2024-03-22 09:00:00', '2024-03-22 09:00:00'),
(7, '关于规范宠物登记的通告', '请尚未登记宠物的业主尽快到物业完成登记，未登记宠物将无法享受社区宠物服务。', 0, '2024-03-18 10:00:00', '2024-03-18 10:00:00'),
(8, '宠物训练课程开课通知', '社区宠物训练课程将于下周一开始，由专业训犬师授课，欢迎报名参加。', 0, '2024-03-25 14:00:00', '2024-03-25 14:00:00'),
(9, '清明节宠物寄养服务', '清明节期间社区提供宠物寄养服务，有需要的业主请提前3天预约。', 0, '2024-03-28 09:30:00', '2024-03-28 09:30:00'),
(10, '宠物友好设施升级完成', '社区宠物乐园已完成升级改造，新增宠物饮水点和休息区，欢迎大家使用。', 1, '2024-03-30 16:00:00', '2024-03-30 16:00:00'),
(11, '夏季宠物防暑指南', '随着气温升高，请各位宠物主人注意宠物防暑，避免在高温时段遛狗。', 0, '2024-04-01 10:00:00', '2024-04-01 10:00:00'),
(12, '宠物丢失寻找启事', '3月28日有业主丢失一只白色比熊犬，如有发现请联系物业，必有重谢。', 0, '2024-03-29 09:00:00', '2024-03-29 09:00:00'),
(13, '宠物摄影大赛开始报名', '社区将举办"最美宠物"摄影大赛，优胜者可获得宠物用品大礼包，欢迎报名参加。', 0, '2024-04-05 14:00:00', '2024-04-05 14:00:00'),
(14, '关于宠物噪音管理的提醒', '近期收到多起宠物噪音投诉，请各位业主注意训练宠物，避免影响邻居休息。', 0, '2024-04-08 10:30:00', '2024-04-08 10:30:00'),
(15, '五一劳动节宠物活动预告', '五一期间将举办宠物趣味运动会，设有多个比赛项目，欢迎报名参加。', 0, '2024-04-25 16:00:00', '2024-04-25 16:00:00')
ON DUPLICATE KEY UPDATE 
  title = VALUES(title),
  content = VALUES(content);

-- 5. 扩展违规记录数据 (新增15条)
INSERT INTO pet_violation_records (
  id, pet_id, user_id, community_id, violation_type_id, violation_time, 
  violation_desc, handle_status, handle_result, handler
) VALUES 
(6, 16, 16, 4, 2, '2024-03-20 08:00:00', '在绿化带未清理宠物粪便', 'resolved', '已清理并警告', '管理员'),
(7, 17, 16, 4, 3, '2024-03-22 21:00:00', '夜间猫叫扰民', 'resolved', '已提醒主人注意', '管理员'),
(8, 18, 17, 4, 1, '2024-03-25 07:30:00', '早晨遛狗未牵绳', 'pending', '', '管理员'),
(9, 20, 19, 5, 6, '2024-03-26 16:00:00', '宠物进入健身房区域', 'resolved', '已劝离并教育', '管理员'),
(10, 21, 20, 6, 2, '2024-03-28 19:30:00', '未及时清理粪便', 'pending', '', '管理员'),
(11, 22, 21, 6, 1, '2024-03-30 06:00:00', '晨练未牵绳', 'resolved', '已警告', '管理员'),
(12, 24, 23, 7, 3, '2024-04-01 23:00:00', '深夜犬吠', 'pending', '', '管理员'),
(13, 25, 24, 8, 2, '2024-04-03 17:00:00', '儿童游乐区附近未清理粪便', 'resolved', '已清理', '管理员'),
(14, 26, 25, 9, 1, '2024-04-05 08:00:00', '未牵绳在广场遛狗', 'pending', '', '管理员'),
(15, 28, 27, 10, 6, '2024-04-08 14:00:00', '宠物进入社区图书馆', 'resolved', '已劝离', '管理员'),
(16, 2, 1, 1, 2, '2024-04-10 10:00:00', '草坪上未清理粪便', 'resolved', '已处理', '管理员'),
(17, 5, 4, 2, 1, '2024-04-12 07:00:00', '未牵绳', 'pending', '', '管理员'),
(18, 8, 7, 1, 3, '2024-04-15 22:30:00', '夜间噪音', 'resolved', '已提醒', '管理员'),
(19, 11, 10, 1, 2, '2024-04-18 16:00:00', '未及时清理', 'pending', '', '管理员'),
(20, 14, 14, 3, 1, '2024-04-20 09:00:00', '未牵绳在人行道遛狗', 'resolved', '已教育', '管理员')
ON DUPLICATE KEY UPDATE 
  violation_desc = VALUES(violation_desc),
  handle_status = VALUES(handle_status);

-- 6. 扩展宠物文明分数数据 (新增20条)
INSERT INTO pet_civilization_score (
  id, user_id, community_id, base_score, bonus_score, total_score,
  leash_deduction, feces_deduction, noise_deduction, vaccine_deduction, 
  cert_deduction, public_area_deduction, other_deduction
) VALUES 
(11, 16, 4, 100, 20, 98, 0, 2, 0, 0, 0, 0, 0),
(12, 17, 4, 100, 20, 97, 0, 0, 3, 0, 0, 0, 0),
(13, 18, 5, 100, 20, 100, 0, 0, 0, 0, 0, 0, 0),
(14, 19, 5, 100, 20, 95, 5, 0, 0, 0, 0, 0, 0),
(15, 20, 6, 100, 20, 100, 0, 0, 0, 0, 0, 0, 0),
(16, 21, 6, 100, 20, 98, 0, 2, 0, 0, 0, 0, 0),
(17, 22, 7, 100, 20, 100, 0, 0, 0, 0, 0, 0, 0),
(18, 23, 7, 100, 20, 97, 0, 0, 3, 0, 0, 0, 0),
(19, 24, 8, 100, 20, 100, 0, 0, 0, 0, 0, 0, 0),
(20, 25, 9, 100, 20, 95, 5, 0, 0, 0, 0, 0, 0),
(21, 26, 9, 100, 20, 100, 0, 0, 0, 0, 0, 0, 0),
(22, 27, 10, 100, 20, 98, 0, 2, 0, 0, 0, 0, 0),
(23, 28, 10, 100, 20, 100, 0, 0, 0, 0, 0, 0, 0),
(24, 29, 10, 100, 20, 95, 5, 0, 0, 0, 0, 0, 0),
(25, 12, 1, 100, 20, 100, 0, 0, 0, 0, 0, 0, 0),
(26, 13, 2, 100, 20, 97, 0, 3, 0, 0, 0, 0, 0),
(27, 14, 3, 100, 20, 100, 0, 0, 0, 0, 0, 0, 0),
(28, 15, 1, 100, 20, 98, 0, 0, 2, 0, 0, 0, 0),
(29, 2, 1, 100, 20, 100, 0, 0, 0, 0, 0, 0, 0),
(30, 4, 2, 100, 20, 100, 0, 0, 0, 0, 0, 0, 0)
ON DUPLICATE KEY UPDATE 
  total_score = VALUES(total_score),
  base_score = VALUES(base_score),
  bonus_score = VALUES(bonus_score);

-- 7. 扩展社区文明分数数据 (新增7个社区)
INSERT INTO community_civilization_score (
  community_id, 
  month_01, month_02, month_03, month_04, month_05, month_06,
  month_07, month_08, month_09, month_10, month_11, month_12
) VALUES 
(4, 85.0, 86.5, 88.0, 89.0, 90.0, 91.0, 92.0, 93.0, 93.5, 94.0, 94.5, 95.0),
(5, 90.0, 91.0, 92.0, 93.0, 94.0, 95.0, 95.5, 96.0, 96.5, 97.0, 97.5, 98.0),
(6, 87.0, 88.0, 89.0, 90.0, 91.0, 92.0, 93.0, 94.0, 95.0, 95.5, 96.0, 96.5),
(7, 92.0, 93.0, 94.0, 95.0, 96.0, 97.0, 97.5, 98.0, 98.5, 99.0, 99.2, 99.5),
(8, 88.0, 89.0, 90.0, 91.0, 92.0, 93.0, 94.0, 95.0, 96.0, 97.0, 97.5, 98.0),
(9, 86.0, 87.0, 88.0, 89.0, 90.0, 91.0, 92.0, 93.0, 94.0, 95.0, 96.0, 97.0),
(10, 91.0, 92.0, 93.0, 94.0, 95.0, 96.0, 97.0, 98.0, 98.5, 99.0, 99.5, 100.0)
ON DUPLICATE KEY UPDATE 
  month_01 = VALUES(month_01),
  month_02 = VALUES(month_02),
  month_03 = VALUES(month_03);

-- 8. 扩展地图图层数据 (新增6个区域)
INSERT INTO map_layers (id, name, type, path, color, created_at) VALUES 
(4, '儿童游乐区（禁止宠物）', 'ban', '[[116.394, 39.903], [116.396, 39.903], [116.396, 39.905], [116.394, 39.905]]', '#ef4444', '2024-01-01'),
(5, '健身区（限制宠物）', 'warning', '[[116.398, 39.911], [116.400, 39.911], [116.400, 39.913], [116.398, 39.913]]', '#f59e0b', '2024-01-01'),
(6, '宠物友好公园', 'safe', '[[116.400, 39.908], [116.402, 39.908], [116.402, 39.910], [116.400, 39.910]]', '#22c55e', '2024-01-01'),
(7, '社区广场（限制宠物）', 'warning', '[[116.396, 39.907], [116.398, 39.907], [116.398, 39.909], [116.396, 39.909]]', '#f59e0b', '2024-01-01'),
(8, '游泳池区域（禁止宠物）', 'ban', '[[116.393, 39.906], [116.395, 39.906], [116.395, 39.908], [116.393, 39.908]]', '#ef4444', '2024-01-01'),
(9, '宠物训练场', 'safe', '[[116.401, 39.905], [116.403, 39.905], [116.403, 39.907], [116.401, 39.907]]', '#22c55e', '2024-01-01')
ON DUPLICATE KEY UPDATE 
  name = VALUES(name),
  path = VALUES(path);

-- 9. 扩展地图标记数据 (新增14个标记点)
INSERT INTO map_markers (id, name, type, lng, lat, info, created_at) VALUES 
(7, '2号流浪猫投喂点', 'poi', 116.399000, 39.908500, '余粮30% | 需要补粮', '2024-01-01'),
(8, '宠物医院', 'poi', 116.402000, 39.909000, '24小时营业 | 可急诊', '2024-01-01'),
(9, '宠物美容店', 'poi', 116.398500, 39.907000, '营业时间9:00-21:00', '2024-01-01'),
(10, '宠物用品超市', 'poi', 116.401500, 39.910500, '粮食品种齐全 | 会员9折', '2024-01-01'),
(11, '4号投喂点（地下车库）', 'poi', 116.395000, 39.906000, '余粮60% | 有避雨处', '2024-01-01'),
(12, '宠物寄养中心', 'poi', 116.403000, 39.908000, '提供寄养服务 | 需预约', '2024-01-01'),
(13, '发现走失猫咪', 'event', 116.397000, 39.910000, '用户上报：白色猫咪在社区广场徘徊', '2024-04-01 09:00:00'),
(14, '宠物打架事件', 'event', 116.399500, 39.907500, '用户上报：两只大型犬发生冲突', '2024-04-05 16:30:00'),
(15, '流浪犬出没', 'event', 116.394500, 39.904500, '用户上报：有流浪狗在社区游荡', '2024-04-08 11:00:00'),
(16, '宠物受伤', 'event', 116.401000, 39.909500, '用户上报：宠物被车辆轻微刮伤', '2024-04-12 14:00:00'),
(17, '宠物扰民投诉', 'event', 116.396500, 39.908000, '用户上报：夜间宠物叫声影响休息', '2024-04-15 22:00:00'),
(18, '5号投喂点（花园角落）', 'poi', 116.394000, 39.907000, '余粮70% | 环境安静', '2024-01-01'),
(19, '宠物训练学校', 'poi', 116.402500, 39.906500, '专业训犬课程 | 可上门', '2024-01-01'),
(20, '发现宠物粪便堆积', 'event', 116.398000, 39.906500, '用户上报：某处长期有宠物粪便未清理', '2024-04-18 10:00:00')
ON DUPLICATE KEY UPDATE 
  name = VALUES(name),
  info = VALUES(info);

-- 验证数据插入情况
SELECT 'community' as table_name, COUNT(*) as count FROM community
UNION ALL
SELECT 'users', COUNT(*) FROM users
UNION ALL
SELECT 'pets', COUNT(*) FROM pets
UNION ALL
SELECT 'announcements', COUNT(*) FROM announcements
UNION ALL
SELECT 'violation_types', COUNT(*) FROM violation_types
UNION ALL
SELECT 'pet_civilization_score', COUNT(*) FROM pet_civilization_score
UNION ALL
SELECT 'pet_violation_records', COUNT(*) FROM pet_violation_records
UNION ALL
SELECT 'community_civilization_score', COUNT(*) FROM community_civilization_score
UNION ALL
SELECT 'map_layers', COUNT(*) FROM map_layers
UNION ALL
SELECT 'map_markers', COUNT(*) FROM map_markers;
